{"cameraMode":{"drawMode":0,"name":"Shaded","section":"Shading Mode"},"sceneLighting":false,"audioPlay":false,"sceneViewState":{"showFog":true,"showMaterialUpdate":true,"showSkybox":false,"showFlares":true,"showImageEffects":true,"showParticleSystems":true},"in2DMode":false,"pivot":{"x":-8.656261444091797,"y":-4.3834123611450199,"z":10.995022773742676},"rotation":{"x":0.03798242658376694,"y":0.9609379768371582,"z":-0.2157016098499298,"w":0.1692093163728714},"size":0.22333720326423646,"orthographic":false}