{"cameraMode":{"drawMode":0,"name":"Shaded","section":"Shading Mode"},"sceneLighting":true,"audioPlay":false,"sceneViewState":{"showFog":true,"showMaterialUpdate":true,"showSkybox":true,"showFlares":true,"showImageEffects":true,"showParticleSystems":true},"in2DMode":false,"pivot":{"x":-11.650550842285157,"y":-4.055501461029053,"z":-0.6464338302612305},"rotation":{"x":-0.0741979107260704,"y":0.9248864054679871,"z":-0.2414008527994156,"w":-0.2842768728733063},"size":8.84072494506836,"orthographic":false}