{"cameraMode":{"drawMode":0,"name":"Shaded","section":"Shading Mode"},"sceneLighting":false,"audioPlay":false,"sceneViewState":{"showFog":true,"showMaterialUpdate":true,"showSkybox":false,"showFlares":true,"showImageEffects":true,"showParticleSystems":true},"in2DMode":false,"pivot":{"x":-8.260000228881836,"y":-4.545631408691406,"z":10.492436408996582},"rotation":{"x":0.03798242658376694,"y":0.9609379768371582,"z":-0.2157016098499298,"w":0.1692093163728714},"size":192.08851623535157,"orthographic":false}